id,smiles
70001,Brc1cc(CNC(=O)C2=CNC(=O)C=C2)ccc1
70002,O=C(NCc1cc(Cn2c(C)ncc2)ccc1)c1cnc(C)cc1
70003,S=C1S/C(=C\[C@H]2[C@@H](C)Nc3c2cccc3)/C(=O)[N-]1
70004,FC(F)(F)c1cc(NC(=O)CN2[C@](O)(C)C(C)(C)OC2=O)ccc1
70005,S=C1N(c2cc(O)ccc2)C(=O)/C(=C/c2sccc2)/S1
70006,O[C@H](C#CC12CC3CC(C1)CC(C2)C3)c1sccc1
70007,S=C1N(C)C(=O)/C(=C\C=C\c2ccccc2)/S1
70008,O=C(Cn1c2c(c(C#N)c1)cccc2)N1[C@H](C)Cc2c1cccc2
70009,Clc1c(C(F)(F)F)cc(NCCN2C(=O)NCC2=O)cc1
70010,Fc1c(C)cc(CNC(=O)c2[nH]cc(C(=O)C)c2)cc1
70011,S=C(NC(=O)c1occc1)Nc1cc(C(F)(F)F)ccc1
70012,O=C(NCc1cc(Cn2cncc2)ccc1)c1[nH]cc(-c2nc(C)sc2)c1
70013,O=C(Nc1cc(NC(=O)C)ccc1)Cn1c2c(c(C#N)c1)cccc2
70014,Clc1c(Cl)ccc(NC(=O)CSc2n[nH]nc2)c1
70015,S=C1N(C)C(=O)/C(=C/c2ccc(NC(=O)C)cc2)/S1
70016,Clc1c(CNC(=O)CN2c3c(S(=O)(=O)N=C2)cccc3)cccc1
70017,Clc1c([C@@H](O)C)ccc(F)c1
70018,Brc1cc([C@H](O)CC)ccc1
70019,Clc1cc2N(CNc3cc(C(F)(F)F)ccc3)C(=S)Oc2cc1
70020,Brc1cc([C@H](O)c2cc(F)ccc2)ccc1
70021,FC(F)(F)c1cc(NC(=O)Nc2c(C(=O)N)ccs2)ccc1
70022,Clc1cc(CS(=O)(=O)c2c3c(n(CC(=O)NC[C@H]4OCCC4)c2)cccc3)ccc1
70023,O=C(Nc1c(OC)ccc(C(=O)N)c1)Cn1c2c(c(C#N)c1)cccc2
70024,S=C(NCc1sccc1)Nc1cc(C(F)(F)F)ccc1
70025,O=C1NC2=C(C(C)=NNC=C2)C=C1
70026,Clc1cc([C@H](O)CC)ccc1
70027,S(=O)(=O)(Nc1c(C(=O)OCC=2c3c(OC(=O)C=2)cc(O)cc3)cccc1)C
70028,FC(F)(F)c1cc([C@H](O)c2ccccc2)ccc1
70029,O=C(NCc1cnccc1)Cn1c2c(c(C#N)c1)cccc2
70030,O=C(NCc1cc(Cn2c(C)cc(C)n2)ccc1)/C=C/c1cnccc1
70031,O=[N+]([O-])c1c2c(n(Cc3cc(OCC(=O)N)ccc3)cc2)ccc1
70032,O=C(COc1cc2OC(=O)C(Cc3ccccc3)=C(C)c2cc1)N1C(=O)NCC1
70033,Clc1c(C(F)(F)F)cc([N+](=O)[O-])c(Nc2ccc(NC(=O)C)cc2)c1
70034,O=C(NCc1cc(Cn2c(C)cc(C)n2)ccc1)c1onc(C)c1
70035,S(=O)(=O)(Nc1ccc(NC(=O)[C@@H]2Oc3c(cccc3)C2)cc1)C
70036,Brc1c(/C=C\2/C(=O)[N-]C(=S)S/2)cc(O)cc1
70037,FC(F)(F)c1c(-c2ccc(CO)cc2)nccc1
70038,FC(F)(F)c1cc(NC(=O)Cn2c(C)nc([N+](=O)[O-])c2)ccc1
70039,Clc1cc(CNC(=O)c2nn3c(N=CC=C3)c2)ccc1
70040,FC(F)(F)[C@H]1SCC(=O)Nc2n(C(C)C)nc(O)c12
70041,FC(F)(F)C=1c2sc3NC(=O)C=C(C)c3c2NC(=O)C=1
70042,P(=O)([O-])([C@H](C(F)(F)F)c1cc(C(F)(F)F)ccc1)C
70043,O=C1NC(c2sccc2)=NC([C@H]2CN(Cc3c(O)cccc3)CCC2)=C1
70044,S=C(NCc1ccncc1)Nc1cc(C(F)(F)F)ccc1
70045,O=C(N1CCC(C(=O)N)CC1)c1ccc(C(C)(C)C)cc1
70046,Clc1c(C)cc(OCC(=O)N2CCC(C(=O)N)CC2)cc1C
70047,Clc1c(-c2[nH]nc(C(=O)N3CCC(C(=O)N)CC3)c2)cccc1
70048,Clc1c(-c2sc(C(=O)N3CCC(C(=O)N)CC3)cc2)cccc1
70049,FC(F)(F)c1c(Cn2nc(-c3ccc(C(=O)N)cc3)nn2)cccc1
70050,O=C(/C=C/c1c(C)n(CCC)c(C)c1)N1CCC(C(=O)N)CC1
70051,O=C(N)C1CCN(C(=O)C2CCC(C(C)(C)C)CC2)CC1
70052,O=C(/C=C/c1ccc(C(C)(C)C)cc1)N1C[C@@H](C(=O)N)CC1
70053,Clc1c(Cl)ccc(CNC(=S)Nc2cnccc2)c1
70054,FC(F)(F)c1cc(NC(=O)NCc2cc3c(OCC3)cc2)ccc1
70055,S(CC=1c2c(OC(=O)C=1)cc(O)cc2)c1ccccc1
70056,FC(F)(F)c1cc([C@H](O)c2ncncc2)ccc1
70057,S(=O)(=O)(N)c1ccc(CCNc2c(C(F)(F)F)cc(C#N)cc2)cc1
70058,FC(F)(F)c1cc(NC(=O)CN2C(=O)C3(NC2=O)CCCCC3)ccc1
70059,FC(F)(F)c1c(C)ccc(NC(=O)C[C@H]2CS(=O)(=O)CC2)c1
70060,S(c1nc(C(F)(F)F)ccn1)c1ccc(NC(=O)C)cc1
70061,S(=O)(=O)(N)Cc1ccc(NS(=O)(=O)c2c(F)ccc(C)c2)cc1
70062,S(CC(=O)c1cc2c(NC(=O)CC2)cc1)c1c(C)cccc1
70063,S=C(NCc1ccccc1)Nc1cc(C(F)(F)F)cc(C(F)(F)F)c1
70064,S=C1N(C)C(=O)/C(=C\C=C\c2occc2)/S1
70065,S(=O)(=O)(Cc1ccccc1)c1c2c(n(CC(=O)NCc3cc4OCOc4cc3)c1)cccc2
70066,FC(F)(F)c1cc(NC(=O)CN2C(=O)C3(NC2=O)CCCC3)ccc1
70067,S=C1S/C(=C\c2c(C(F)(F)F)cccc2)/C(=O)[N-]1
70068,O=C(N1CCC(C(=O)N)CC1)c1sc2c(c1)C[C@@H](C(C)(C)C)CC2
70069,Clc1cc(CNC(=O)c2ccc(S(=O)(=O)N)cc2)ccc1
70070,O=C(NCCCO)C(=O)Nc1cc2N(C(=O)C)CCCc2cc1
70071,O=C(Nc1cc2N(C(=O)C(C)C)CCCc2cc1)CN1C(=O)c2c(C1=O)cccc2
70072,S(CC)c1ccc(CC(=O)Nc2c(C(=O)N)ccs2)cc1
70073,O=C(N1CCC(c2[nH]c3nccnc3c2)CC1)c1cc2nc(C(C)C)[nH]c2cc1
70074,O=C(Nc1ccc(NC2=C(C)C(C)=Nc3n2ncn3)cc1)C
70075,O=C([O-])[C@@H]1CN(c2cc(NC(=O)c3cc(C)ccc3)ccc2)C(=O)C1
70076,O=C(N)CCN(C(=O)c1[nH]nc(-c2cc(OC)ccc2)c1)C
70077,O=C([O-])c1nnn(C[C@H]2CN(c3nc(C(C)C)on3)CCC2)c1
70078,O=C([O-])c1ncn(-c2ccc(C(=O)Nc3scc(C)n3)cc2)c1
70079,S(c1c(C(=O)[O-])cccc1)c1ccc(NC(=O)C)cc1
70080,Fc1c(NC(=O)CC[C@@H]2CN(C(=O)NCc3occc3)CCC2)cccc1
70081,O=[N+]([O-])C1=C(Nc2ccc(OCC)cc2)CS(=O)(=O)C1
70082,O=[N+]([O-])C1=C(Nc2ccc(-c3ccccc3)cc2)CS(=O)(=O)C1
70083,O=C(Oc1cc(C(=O)Nc2c(C(=O)N)cccc2)ccc1)C
70084,Clc1cc(Cl)cc(NC(=S)NCc2ccncc2)c1
70085,Clc1c(F)ccc(NC(=O)CSc2n[nH]nc2)c1
70086,S=C(NCc1n(C)ncc1)Nc1cc(C(F)(F)F)ccc1
70087,S=C(Nc1c(C(=O)N)n(C)nc1)Nc1cc([N+](=O)[O-])ccc1
70088,S(CC(=O)Nc1ccc(NC(=O)C)cc1)C1=C(C#N)[C@H](c2c(F)cccc2)CC(=O)N1
70089,S=C(NCc1cnccc1)Nc1cc(C(F)(F)F)ccc1
70090,Fc1ccc(-n2c3NC(=O)C[C@H](c4cc(OC)c(OCC(=O)N)cc4)c3nc2)cc1
70091,Clc1cc(NC(=S)NCc2ccncc2)ccc1
70092,O=C(Nc1c(C(=O)N)nn(C)c1)Nc1cc(C)cc(C)c1
70093,FC(F)(F)c1cc(NC(=O)Nc2c(C(=O)N)n(CC)nc2)ccc1
70094,Fc1c(C(=O)N[C@@H](CC(=O)[O-])c2ccc(OC3CCCC3)cc2)cccc1
70095,Clc1ccc([C@@H](NC(=O)c2ccc(NC(=O)C)cc2)CC(=O)[O-])cc1
70096,O=C(Nc1c(C(=O)N)n(C)nc1)Nc1cc(C)c(C)cc1
70097,Clc1cc(NC(=O)Nc2c(C(=O)N)n(C)nc2)ccc1
70098,O=C(Nc1c(C(=O)N)cccc1)Nc1cc(C)c(C)cc1
70099,O=C(Nc1c(C(=O)N)n(C)nc1)Nc1ccc(CC)cc1
70100,Clc1c(NC(=S)NCc2ncccc2)ccc(Cl)c1
70101,Fc1c(NC(=O)N[C@H](CN2C(=O)CCC2)c2ccccc2)cc(C(=O)N)cc1
70102,S(=O)(=O)(C)c1ccc(CNC(=O)Nc2cnccc2)cc1
70103,Clc1cc(NC(=O)NCc2c[nH]nc2)ccc1
70104,O=C([O-])CCC(=O)Nc1nc2N(CC)C(=O)N(CC)c2cc1
70105,O=C(CNc1cc(Cc2ccccc2)c(OC)cc1)N1C(=O)NCC1
70106,O=C(Nc1cnc(N2CC(=O)NCC2)cc1)c1cc(N2C(=O)NCC2)ccc1
70107,Clc1cc(N2CCN(C(=O)NCc3n[nH]cc3)CC2)ccc1
70108,O=C(OCC=1c2c(c(C)c(O)cc2)OC(=O)C=1)c1cn(C)nc1
70109,Clc1c(F)ccc(S(=O)([O-])=Nc2ccc(C(=O)NCc3cc(CO)ccc3)cc2)c1
70110,Clc1n(-c2ccc(F)cc2)nc(C)c1C(=O)NCCc1ccc(S(=O)(=O)N)cc1
70111,O=C([O-])CCC(=O)Nc1nc2N(C)C(=O)N(C)c2cc1
70112,S(CCN1C(=O)CCC1=O)c1[nH]nc(-c2ccc(OC)cc2)n1
70113,Fc1ccc(C[C@@H]2C(=O)N(CCC(=O)N)C(=O)C2)cc1
70114,S(=O)(=O)(N)c1ccc(NC(=O)C2CCN(C(=O)c3c(C)sc(C)c3)CC2)cc1
70115,Fc1cc2NC(=O)C=C(C(=O)OCc3scnc3)c2cc1
70116,O=C(Nc1c(C(=O)N)ccs1)CCC(=O)N1CCC(Cc2ccccc2)CC1
70117,S(=O)(=O)(Nc1c[nH]nc1)c1c(C)cc(C#N)cc1
70118,O=[N+]([O-])c1c(Nc2cn(C[C@H]3OCCC3)nc2)ccc(C#N)c1
70119,FC(F)(F)[C@H]1C[C@H](NC(=O)NCc2c(C)nc(C)s2)CCC1
70120,S(=O)([O-])(=Nc1c(NC(=O)C[C@H]2c3c(cccc3)CC2)cccc1)C
70121,O(CCN1C(=O)NCC1=O)c1cc2OC(=O)C=C(CCC)c2cc1
70122,O=C(NCc1cc(C(=O)NCc2occc2)ccc1)Cn1nnnc1
70123,S(=O)(=O)(Nc1c(C(=O)NCc2cnccc2)cc(C)cc1)C
70124,FC(F)(F)C=1C=C(NC(=O)Cc2cc(OC)ccc2)C(=O)NC=1
70125,O=C(Nc1cc(OC)ccc1)CN1C(=O)N(CC)C=C(C#N)C1=O
70126,S=C1N(CC)C(=O)/C(=C/c2ccc(NC(=O)C(F)(F)F)cc2)/S1
70127,FC(F)(F)c1cc([N+](=O)[O-])c(NNC(=O)c2nccnc2)cc1
70128,O=C([O-])CN1C(=O)[C@H]2[C@H](C1=O)C1[C@@H]3C(=O)N(CC(=O)[O-])C(=O)[C@H]3C2C=C1
70129,S(CC(=O)N)c1n2c(C(=O)N(c3ccc(F)cc3)C=C2)nn1
70130,S(CC(=O)N)c1n2c(C(=O)N(c3ccccc3)C=C2)nn1
70131,Fc1ccc(C(=O)Nc2scc(CCC(=O)NCCc3ccccc3)n2)cc1
70132,Clc1c(CN2C[C@@H](O)CN(C(=O)CCC(=O)[O-])CC2)[nH]nc1C
70133,O=C([O-])c1cc([C@H]2CN(/C(/[O-])=C\3/C(=O)n4nc(C)cc4N=C/3)CCC2)ccc1
70134,O=C(CCn1ncnc1)N1Cc2c(-c3c4c(ccc3)cccc4)n[nH]c2CC1
70135,S(=O)(=O)(NCCc1nc[nH]c1)c1cc(C(=O)N[C@H]2COCC2)ccc1
70136,O=C([O-])[C@@H](N(CC(=O)[O-])C)c1c2c([nH]c1)cc(NC(=O)CCC(=O)[O-])cc2
70137,O=C([O-])[C@H](N/C=C/1\C(=O)N(c2ccccc2)C(=O)[N-]C\1=O)CCC(=O)[O-]
70138,Fc1ccc(-c2n(c(CCC(=O)[O-])cc2)-c2cc(C(=O)[O-])ccc2)cc1
70139,O=C1Nc2nc(N)nc([O-])c2[C@@H](c2ccc(O)cc2)C1
70140,Fc1c(F)ccc([C@@H](CC(=O)N)c2c([O-])[nH]nc2Cc2ccccc2)c1
70141,S(=O)(=O)(N[C@H](CC(=O)[O-])c1ccc(OCC)cc1)c1ccc(C(=O)[O-])cc1
70142,O=C([O-])c1ccc(C(=O)c2cc3C(=O)N([C@H](C)c4ccccc4)C(=O)c3cc2)cc1
70143,O=C([O-])CC(CC(=O)[O-])CCc1ccc(C(C)(C)C)cc1
70144,Clc1c(S(=O)([O-])=Nc2c(C)cccc2)cc(C(=O)N)cc1
70145,O=C(N)C[C@@H](c1c([O-])[nH]nc1C)c1c2c(c(OC)cc1)cccc2
70146,S(CC(=O)Nc1ccc(C23CC4CC(C2)CC(C3)C4)cc1)CCO
70147,O=C(N)C[C@H](c1c([O-])[nH]nc1C)C=1C(=O)c2c(OC=1)cccc2
70148,S(CC(=O)N)c1nc(N)c2c(sc3c2CC(C)(C)OC3)n1
70149,O=C([O-])[C@@H]1[C@@H](N(C(C)C)C(=O)c2c1cccc2)c1ccccc1
70150,S(CC(=O)N)c1n(C)c(-c2ccc(C(C)C)cc2)nn1
70151,Clc1c(C2=NN(CC(=O)NCC(=O)NCC(=O)[O-])C(=O)C=C2)cccc1
70152,Fc1cc(F)cc(CNC(=O)CCN2C(=O)C=CC(c3ccc(CC)cc3)=N2)c1
70153,P(=O)([O-])([O-])[C@@H](Nc1cc2NC(=O)COc2cc1)c1cc(C#N)ccc1
70154,O=C(N)[C@H]1CN(c2ccc(CNC(=O)c3c(O)cccc3)cc2)CCC1
70155,S(=O)(=O)(Nc1cc(C)c(C(=O)[O-])cc1)c1cc(C(=O)[O-])c(F)c(C)c1
70156,S(=O)(=O)(N(C[C@@H](O)C)c1ccccc1)c1c2c(cc(C(=O)[O-])c1)CCC2
70157,S(CC(=O)N)c1nc(-c2ccc(CC)cc2)[nH]n1
70158,S(=O)([O-])(=Nc1c2c([nH]cc2)ccc1)c1cc2n[nH]nc2cc1
70159,S(=O)([O-])(=Nc1c(OC)ccc(NC(=O)C)c1)c1ccc(CCC(=O)[O-])cc1
70160,O=C([O-])C[C@@H](NC(=O)Cc1[nH]nc2c1cccc2)c1c(C)cccc1
70161,Fc1c(CC(=O)Nc2cc(CN3C(=O)NCC3=O)ccc2)cccc1
70162,S(=O)([O-])(=Nc1c(C)cc(F)cc1)c1scc(C(=O)[O-])c1
70163,S(=O)([O-])(=Nc1c(Nc2ccc(C)cc2)cccc1)c1ccc(C(=O)[O-])cc1
70164,S(=O)(=O)(C)c1cc(C(=O)Nc2ccc(CN3C(=O)CCC3=O)cc2)ccc1
70165,O=C(NCc1ccc(C(=O)N2C[C@@H](CCC(=O)[O-])CCC2)cc1)N
70166,O=C([O-])CC[C@H]1N(C(=O)c2cc(C)c(-n3ncnc3)cc2)CCCC1
70167,S(=O)([O-])(=NC(=O)C)c1ccc(NC(=O)CC2(CC(=O)[O-])CCCCC2)cc1
70168,Fc1c([C@@H](O)CNC(=O)CN2C(=O)N3C(=N2)C=CC=C3)cccc1
70169,S(=O)([O-])(=Nc1c(C)ccc(C(F)(F)F)c1)c1scc(C(=O)[O-])c1
70170,O=C([O-])c1ccc(C(=O)N2[C@H](C[C@H](O)c3ccccc3)CCC2)cc1
70171,S(=O)(=O)(N(C[C@H](C)c1n[nH]nn1)C)c1cc(F)cc(C)c1
70172,O=C(Nc1cc(CN2C(=O)NCC2=O)ccc1)Cc1c(C)cccc1
70173,Clc1cc(F)c(N=S(=O)([O-])c2c(F)ccc(C(=O)[O-])c2)cc1
70174,S(=O)(=O)(N[C@H](CC(=O)[O-])c1ccc(F)cc1)c1cc(C(=O)C)ccc1
70175,S(=O)([O-])(=Nc1c(C)cn(-c2ccccc2)n1)c1c(C)sc(C(=O)[O-])c1
70176,S(=O)(=O)(C)c1cc(C(=O)Nc2ccc(OCC(=O)N)cc2)ccc1
70177,O=C(N1c2c(cccc2)CC1)c1ccc(CN2C(=O)CCC2=O)cc1
70178,O=C(NN1C(=O)[N-]C(=O)C1)c1sc(N2CCOCC2)c(-c2ccccc2)c1
70179,S(=O)([O-])(=NC(=O)c1cnc2n(C(C)C)ncc2c1)C
70180,S(=O)([O-])(=Nc1cnc2n[nH]c(C)c2c1)c1cnc2c(scc2)c1
70181,O=C(N)COc1ccc(C(=O)N2[C@H](C(=O)[O-])C[C@H]3[C@H]2CCCC3)cc1
70182,S(=O)([O-])(=N[C@@H](C(C)C)CCO)c1c(F)ccc(F)c1
70183,S(=O)(=O)(N(CC=C)c1c(C(=O)[O-])cccc1)c1ccc(NC(=O)OC)cc1
70184,S(=O)(=O)(N1C[C@@](O)(C(=O)N)CC1)c1ccc([C@H](CC)C)cc1
70185,S(=O)(=O)(NCC(=O)[O-])c1ccc(C2CCCCC2)cc1
70186,S(=O)(=O)(N(CCCO)Cc1cnccc1)c1cc(C(=O)N(C)C)ccc1
70187,O=C([O-])CC[C@@H]1CN(C(=O)[C@@H]2N(Cc3ccc(C)cc3)C(=O)CC2)CCC1
70188,O=C(CN1C(=O)[N-]N=C1)N1c2c(C3(C1)CCCC3)cccc2
70189,O=C(CN([C@@H](C)c1ccccc1)C)N1c2c(O[C@H](C(=O)N)C1)cccc2
70190,S(=O)(=O)(N1CCC2(C(=O)NC(=O)N2)CC1)c1c(F)ccc(C)c1
70191,S(=O)(=O)(N(CCC(=O)N)Cc1ccccc1)c1c(C(F)(F)F)cccc1
70192,O=C([O-])[C@H]1N(C(=O)c2cc(CC#N)ccc2)Cc2c(cccc2)C1
70193,S(=O)(=O)(Nc1cc(C(=O)Nc2ccc(CC(=O)N)cc2)ccc1)CC
70194,O=C(Cc1c2c(ccc1)cccc2)N1CCC2(C(=O)NC(=O)N2)CC1
70195,O=C([O-])[C@@H]1[C@@H](N(Cc2c(C)ccs2)C(=O)CC1)c1cn(C)nc1
70196,O=C(N[C@@H]1c2c(cccc2)CCC1)COc1c(NC(=O)C)ccc(C(=O)C)c1
70197,S(=O)(=O)(N1CCC2(C(=O)NC(=O)N2)CC1)c1cc(C(F)(F)F)ccc1
70198,S(CC(=O)N)CC(=O)N1c2c(cc(C(C)(C)C)cc2)CC1
70199,S(=O)([O-])(=Nc1c(C)cc(C)cc1)c1sc(-c2n[nH]cc2)cc1
70200,Clc1cc(C)c(N=S(=O)([O-])c2oc(-c3n[nH]c(C)c3)cc2)cc1
70201,S(=O)([O-])(=Nc1ncccc1)c1cc2NC(=O)C[C@@H](C)Sc2cc1
70202,Clc1c(C(=O)N2C[C@@H](CO)[C@H](c3ccncc3)C2)cc(F)cc1
70203,Clc1ccc([C@H]2N(c3n[nH]nn3)C(=O)C(=O)[C@@H]2c2ccccc2)cc1
70204,O=C(NC[C@@H](O)c1n(C)ccc1)NCCCc1ccccc1
70205,FC(F)(F)[C@](O)(CNC(=O)NCCCc1ccccc1)c1ccccc1
70206,O=C(NC[C@](O)(CCc1ccccc1)C)C(=O)NCc1cc2OCOc2cc1
70207,O=C(Nc1scc(CC(=O)NCc2cnccc2)n1)Nc1cc(C)ccc1
70208,O=C(NCCc1c2c([nH]c1)cccc2)C(=O)Nc1ccc(OC)cc1
70209,Fc1ccc(NC(=O)C(=O)NCCc2c3c([nH]c2)cccc3)cc1
70210,O=C(Nc1scc(CC(=O)NCc2ccccc2)n1)Nc1ccc(C)cc1
70211,Fc1c(F)ccc(NC(=O)CNC(=O)[C@H](NC(=O)OCc2ccccc2)C)c1
70212,Fc1ccc(C(=O)CCC(=O)OCC(=O)NC(=O)NCc2ccccc2)cc1
70213,O=C(NCC(=O)NCC(=O)Nc1c(C)c(C)ccc1)NCc1ccccc1
70214,O=C(N)[C@@H](NC(=O)CCCc1[nH]c2c(n1)cccc2)c1ccccc1
70215,O=C(NCc1cn(Cc2ccccc2)nc1)[C@H]1Oc2c(OC1)cccc2
70216,O([C@H](C(=O)NC=1C(=O)N(N(C)C=1C)c1ccccc1)C)C(=O)c1cc(O)ccc1
70217,S(=O)(=O)(C)c1c(C(=O)NCCc2c3c([nH]c2)cccc3)cccc1
70218,O=C(NCC(=O)N1[C@@H](C(=O)Nc2ccccc2)CCC1)Cc1ccccc1
70219,O=C(NCCc1c2c([nH]c1)cccc2)C=1C(=O)c2c(OC=1)cccc2
70220,Fc1c(NC(=O)C(=O)NCCc2c3c(C)cccc3[nH]c2)cccc1
70221,O=C(N(Cc1cn(Cc2ccccc2)nc1)C)Cn1nc(-c2sccc2)nn1
70222,FC(F)(F)Oc1ccc(CNC(=O)CNC(=O)NCc2ccc(F)cc2)cc1
70223,O=C(Nc1[nH]c2c(n1)cccc2)CCc1c2c([nH]c1)cccc2
70224,O=C(NCCc1c2c([nH]c1)cccc2)C=1C(=O)NC2=C(C=1)CCC2
70225,O=C([O-])[C@@H](NC(=O)CC[C@@H]1O[C@@H](C)CC1)c1ccccc1
70226,O=C(Nc1cc2C(=O)N3C(=Nc2cc1)CCC3)CCCOCCc1ccccc1
70227,O=C([O-])[C@@H](NC(=O)[C@@H]1[C@H](C)Oc2c(O1)cccc2)CCC
70228,O=C(OCc1c(C(=O)N)cccc1)[C@H]1OC(=O)c2c(cccc2)C1
70229,Fc1cc2[nH]cc(CCNC(=O)C=3C(=O)Oc4c(cccc4)C=3)c2cc1
70230,O=C(OCC1c2c(-c3c1cccc3)cccc2)N([C@H](C(=O)[O-])C)C
70231,O=C(OCC1c2c(-c3c1cccc3)cccc2)N[C@@H](C(=O)[O-])CC(=O)N
70232,O=C1N(Cc2nc(N)nc(N)n2)C(=O)N[C@]21c1c(OCC2)cccc1
70233,O=C([O-])[C@@H](NC(=O)C[C@@H]1c2c(OCC1)cccc2)C
70234,O=C([O-])[C@@H](NC(=O)[C@@H]1[C@H](C)Oc2c(O1)cccc2)CC
70235,O=C(NCCc1c2c([nH]c1)cccc2)c1c2n(nc1)C=CC=N2
70236,Fc1c(F)c(NC(=O)CNC(=O)CNC(=O)c2cc(C)c(C)cc2)ccc1F
70237,FC(F)(F)c1cc(CN2C(=O)C[C@@H](C(=O)[N-]O[C@H]3OCCCC3)C2)ccc1
70238,O=C(NCc1[nH]ccn1)CNC(=O)c1cc2c(cc1)cccc2
70239,O=C(CCc1c2c([nH]c1)cccc2)N1C[C@@H](C(=O)[O-])OCC1
70240,O=C(NCc1nc(-c2ccccc2)on1)CCc1c2c([nH]c1)cccc2
70241,O(C[C@@H](O)CN1C(=O)[C@](CC(C)C)(c2ccccc2)NC1=O)Cc1ccccc1
70242,O=C(NCCc1c2ncccc2ccc1)NC[C@@H]1CS(=O)(=O)CC1
70243,O=C(NC[C@@H](O)c1ccccc1)NC[C@@H]1COc2c(cccc2)C1
70244,Fc1cc(CCCNC(=O)N[C@@H]2CN(C(=O)NCC)CC2)ccc1
70245,O=C(NC[C@@](O)([C@H](CC)C)C)CCCC1=Nc2c(C(=O)N1)cccc2
70246,Fc1cc(OC[C@@H](NC(=O)NC[C@@H](O)c2sccc2)C)ccc1
70247,Fc1cc(OC[C@H](O)CNC(=O)N[C@H](C)c2sccc2)ccc1
70248,S(CCNC(=O)NC[C@@H]1C[C@H](O)CC1)c1ccc(C)cc1
70249,Clc1cc(CCCNC(=O)N[C@H]2[C@H](C)CCNC2=O)ccc1
70250,S(=O)(=O)(CC)N1CCC(NC(=O)NCCOc2cc(C)ccc2)CC1
70251,Fc1c(F)cccc1CNc1ccc(C(=O)N[C@@H](CO)C)cc1
70252,O=C(NC[C@@H](O)COc1c2c(ccc1)cccc2)CNC(=O)C1CCCC1
70253,Fc1cc(OC[C@H](O)CNC(=O)c2c(O)cccc2)ccc1
70254,O=C(NCCCc1ccc(O)cc1)N1C[C@@H](CCC)OCC1
70255,O=C(NCCCn1c2c(cc1)cccc2)N[C@@H]1[C@H](C)CCCC1
70256,O=C(NCCCc1ccc(O)cc1)N[C@H]1[C@@H](c2ccccc2)OCC1
70257,O=C(NCCC[N+@H]1Cc2c(cccc2)CC1)N[C@H]1[C@@H](O)CCCC1
70258,S(CCCNC(=O)[C@H](NC1=NS(=O)(=O)c2c1cccc2)C)c1ccccc1
70259,O=C(NCCCc1c(C)cccc1)N[C@@H]1CN(C(=O)CC)CC1
70260,O=C(N[C@@H](C)c1ccccc1)NCCCn1c2c(nc1)cccc2
70261,O=C(N[C@H](CCc1ccc(O)cc1)C)N[C@@H]1CC2(OCC1)CCCC2
70262,O=C(NC[C@H](O)C1CCCC1)CCCC1=Nc2c(C(=O)N1)cccc2
70263,Clc1cc([C@H](O)CNC(=O)NCCNc2ncccn2)ccc1
70264,O=C(NC[C@@](O)(C)c1occc1)NCCCn1c2c(nc1)cccc2
70265,Clc1c([C@@H](NC(=O)CCCC2=Nc3c(C(=O)N2)cccc3)C)cccc1
70266,Clc1cc(OCCNC(=O)NCC[C@H](O)C(F)(F)F)ccc1
70267,O=C(NC[C@@H](O)COCc1ccccc1)c1nc(C)n2c1C=CC=C2
70268,O=C([O-])[C@H](NC(=O)c1n(C)ncc1C(=O)[O-])Cc1c2c([nH]c1)cccc2
70269,S(CC[C@@H](NC(=O)CCCc1c2c([nH]c1)cccc2)C(=O)[O-])C
70270,O=C(N[C@H](C(=O)[O-])C)NCCc1c2c([nH]c1)cccc2
70271,O=C([O-])[C@@H](NC(=O)CCc1c2c([nH]c1)cccc2)CO
70272,P(=O)([O-])([O-])CC[C@@H](NC(=O)Cc1ccccc1)C(=O)[O-]
70273,O=C([O-])[C@H](NC(=O)CCCc1c2c([nH]c1)cccc2)[C@@H](O)C
70274,O=C([O-])[C@H](NC(=O)CCCc1c2c([nH]c1)cccc2)C(C)C
70275,O=C(NCCc1c2c([nH]c1)cccc2)c1nc2c(cc1)cccc2
70276,O=C([O-])[C@@H]1[C@@H](C(=O)NCCc2c(C)[nH]c3c2cccc3)CC=CC1
70277,O=C(NCCc1c2c([nH]c1)ccc(OC)c2)CCc1onc(-c2ccccc2)n1
70278,O=C([O-])[C@@H](NC(=O)CCc1c2c([nH]c1)cccc2)[C@H](O)C
70279,O=C([O-])[C@@H](NC(=O)CCc1c2c([nH]c1)cccc2)C
70280,Clc1c(CNC(=O)N[C@H](C(=O)[O-])CCSC)cccc1
70281,O=C([O-])[C@H](NC(=O)[C@H]1Oc2c(OC1)cccc2)C
70282,S=C1NC(=O)/C(=C\NCCc2c3c([nH]c2)cccc3)/C(=O)N1
70283,O=C(NCC1(O)C2CC3CC1CC(C2)C3)[C@H](O)COc1c(C)cccc1
70284,Fc1cc(OCc2n[nH]c(C(=O)N[C@@H](C)c3c(C)cccn3)c2)ccc1
70285,Fc1c(OCc2n[nH]c(C(=O)NC[C@@H]3[N+@H](CC)CCC3)c2)cccc1
70286,Fc1cc(OCc2n[nH]c(C(=O)N[C@H]3CN(CCC)C(=O)C3)c2)ccc1
70287,O=C(NC[C@H](O)C[N+]1CCCCCC1)Nc1n(CCC)ncc1
70288,O=C(NCCCc1ccc(O)cc1)[C@@H]1CN(Cc2ncccc2)C(=O)C1
70289,Fc1cc(OCc2n[nH]c(C(=O)N[C@@H](CO)c3cnccc3)c2)ccc1
70290,Fc1cc(OCc2n[nH]c(C(=O)NC[C@H](C)n3ncc(C)c3)c2)ccc1
70291,O=C(N[C@@H](CC)c1nccc(C)c1)c1[nH]nc(COc2ccccc2)c1
70292,O=C(NC[C@@H](CO)Cc1occc1)Nc1n(C2CCCC2)ncc1C
70293,O=C(NCCNC(=O)c1cnccc1)[C@H]1CN(Cc2ccc(C)cc2)C(=O)C1
70294,O=C(NCc1scc(-c2ccccc2)n1)[C@H]1CN(c2cc(O)ccc2)C(=O)C1
70295,O=C(N[C@H]1CN(CCCc2ccccc2)C(=O)C1)CNC(=O)C
70296,O=C(NCc1nc(-c2cc3OCOc3cc2)on1)COC[C@H]1OCCC1
70297,Clc1ccc(-n2c(CC3=NNC(=O)[N-]3)nc(CCc3ccccc3)n2)cc1
70298,O=C([O-])[C@@H](NC(=O)CCc1c2c([nH]c1)cccc2)CC
70299,O=C(N[C@@H](C)c1onc(-c2ccccc2)n1)CCC(=O)Nc1cc(CC)ccc1
70300,Fc1cc(CNC(=O)N2C[C@@H](C(=O)[O-])[C@H](CCC)C2)ccc1
70301,O=C(Nc1cc(C(=O)[O-])ccc1)CN(CCc1[nH]c2c(c(C)ccc2)n1)C
70302,O=C(NCc1oc2c(n1)cc(C(C)(C)C)cc2)COC[C@H]1OCCC1
70303,S(CCNC(=O)CCC(=O)Nc1c(F)ccc(C)c1)c1n[nH]cn1
70304,O=C(NCCc1c2c([nH]c1)cccc2)C(=O)NCCc1c2c([nH]c1)cccc2
70305,Fc1cc(NC(=O)C(=O)NCCc2c3c([nH]c2)cccc3)ccc1
70306,O=C(NCCc1c2c([nH]c1)cccc2)C(=O)Nc1c(C)cccc1C
70307,Clc1c(F)ccc(NC(=O)C(=O)NCCc2c3c([nH]c2)cccc3)c1
70308,Fc1c(NC(=O)C(=O)NCCc2c3c([nH]c2)cccc3)cccc1
70309,Clc1ccc(NC(=O)C(=O)NCCc2c3c([nH]c2)cccc3)cc1
70310,O=C(NCCc1c2c([nH]c1)cccc2)C(=O)Nc1ccc(OC)cc1
70311,O=C(NCCc1c2c([nH]c1)cccc2)C(=O)Nc1cc2N(C(=O)C)CCCc2cc1
70312,O=C([O-])[C@H](NC(=O)CCC=1C(=O)Oc2c(C)c(OCc3n[nH]nn3)ccc2C=1C)C
70313,O=C([O-])[C@@H](NC(=O)CCCCCN1C(=O)Nc2c(C1=O)cccc2)c1ccccc1
70314,O=C(CCc1c2c([nH]c1)cccc2)N1C[C@@H](C(=O)N[C@@H](CCc2ccccc2)C)CCC1
70315,O=C(NCC(=O)OC)[C@@H](NC(=O)C12CC3CC(C1)CC(C2)C3)Cc1c2c([nH]c1)cccc2
70316,O=C([O-])[C@@H](NC(=O)[C@@H](NC(=O)N1c2c(NC(=O)C1)cccc2)[C@H](CC)C)c1ccccc1
70317,S(CCC(=O)N[C@@H](C(=O)[O-])Cc1c2c([nH]c1)cccc2)C1=Nc2c(C(=O)N1)cccc2
70318,O=C([O-])[C@@H](NC(=O)C1(c2ccccc2)CCN(C(=O)[C@H]2[N+]CCC2)CC1)CCC(=O)N
70319,Fc1ccc([C@H]2[C@H](C(=O)[O-])CN(C(=O)CCc3n[nH]c4c3CCCC4)C2)cc1
70320,O=C([O-])[C@H](NC(=O)[C@@H](NC(=O)[C@H](N)Cc1ccccc1)CC(C)C)CCC/[N+]=C(\N)/N
70321,S(=O)([O-])(=Nc1n[nH]nn1)c1cc2c(cc1)CCN(C(=O)N[C@H](CC)C)C2
70322,S(=O)([O-])(=Nc1c(OC)cccc1)c1c(C)ccc(C(=O)Nc2cc(C(=O)[O-])ccc2)c1
70323,S(=O)(=O)(N(CC(=O)[O-])c1ccc(C23CC4CC(C2)CC(C3)C4)cc1)C
70324,S(=O)([O-])(=Nc1n[nH]nn1)c1cc2c(cc1)CCN(C(=O)[C@H](CCC)C)C2
70325,O=C([O-])[C@H](NC(=O)CN1C(=O)c2c(cccc2)C1)Cc1c2c([nH]c1)cccc2
70326,S(=O)(=O)(Nc1ccc(C(=O)[O-])cc1)c1cc(C(=O)Nc2c(C(=O)[O-])cccc2)ccc1
70327,OCCN(C/C=C/c1ccccc1)Cc1n(C(C)C)c2c(n1)cccc2
70328,O=C(Nc1cc2OC(=O)C=C(C)c2cc1)[C@@H](NC(=O)CCCC(=O)[O-])Cc1ccccc1
70329,S(=O)(=O)(N(C)c1c(C)c(S(=O)(=O)N[C@H](C(=O)[O-])CCC(=O)[O-])ccc1C)c1ccccc1
70330,S(CC(=O)Nc1cc(C(=O)C)ccc1)C1=NC(=O)N(Cc2ncccc2)C2=C1CCC2
70331,S(=O)(=O)(C)N1c2c(ccc(NC(=O)C(=O)NC[C@@](O)(CCSC)C)c2)CCC1
70332,O=C([O-])CCCNC(=O)COc1c(OCC(=O)NCCCC(=O)[O-])cccc1
70333,S(=O)(=O)(Nc1ccc(C2=NN(C(=O)CCCC(=O)[O-])[C@H](c3c(F)cccc3)C2)cc1)C
70334,S(=O)(=O)(CCCNC(=O)CNC(=O)c1ccccc1)N1CCN(c2ccccc2)CC1
70335,S(=O)(=O)(N(C)c1c(C)c(S(=O)(=O)NCCCC(=O)[O-])ccc1C)c1ccc(C)cc1
70336,O=C([O-])[C@@H](NC(=O)[C@@H](NC(=O)N1c2c(NC(=O)C1)cccc2)Cc1ccccc1)C(C)C
70337,O=C(NC(=O)COC(=O)[C@@H](NC(=O)c1ccccc1)Cc1ccccc1)NCc1occc1
70338,O=C(N[C@H](C(=O)[O-])Cc1c2c([nH]c1)cccc2)NCC(=O)N[C@H]1c2c(OCC1)cccc2
70339,O=C(OCC(=O)Nc1ccc(C(=O)N)cc1)[C@@H](NC(=O)c1ccccc1)Cc1ccccc1
70340,O=C(N(C)c1c(C(=O)Nc2cc(OC)ccc2)cccc1)CCC(=O)NCc1ccccc1
70341,S(=O)([O-])(=Nc1ccc(C(=O)NCc2c(OC)cccc2)cc1)c1ccc([C@H](O)C)cc1
70342,Fc1c(F)c(NC(=O)CNC(=O)Cn2nc(-c3ccc(C(C)C)cc3)nn2)ccc1F
70343,S(=O)([O-])(=Nc1ccc(C(=O)NCC(=O)[O-])cc1)c1cc2c(N(C(=O)C)[C@@H](C)C2)cc1
70344,S(=O)(=O)(NCc1sccc1)c1ccc(C(=O)N2CCC(CCC(=O)[O-])CC2)cc1
70345,O=C(N[C@@H](C(=O)[O-])Cc1c2c([nH]c1)cccc2)NCc1onc(-c2c(OC)cccc2)n1
70346,S(=O)([O-])(=Nc1c(C)cccc1)c1ccc(C(=O)OCC(=O)c2c(C(=O)OCC)c(C)[nH]c2C)cc1
70347,S(=O)([O-])(=Nc1cc(COc2cc(F)ccc2)ccc1)c1ccc(CNC(=O)C)cc1
70348,S(=O)(=O)(NC)c1ccc(/C=C/C(=O)N[C@@H](C(=O)[O-])Cc2c3c([nH]c2)cccc3)cc1
70349,O=C(OCC(=O)Nc1cc2NC(=O)Nc2cc1)CNC(=O)C12CC3CC(C1)CC(C2)C3
70350,O=C(OCC(=O)NCC(=O)Nc1c(OC)ccc(C)c1)CCCc1c2c([nH]c1)cccc2
70351,O=C(NC(=O)COC(=O)CNC(=O)C12CC3CC(C1)CC(C2)C3)NCc1ccccc1
70352,S(=O)(=O)(NCc1sccc1)c1cc(C(=O)Nc2ccc(NC(=O)C)cc2)ccc1
70353,O=C(Nc1c(-n2nc(C(=O)N)cc2)cccc1)CC[C@@H](O)c1cc2c(NC(=O)CC2)cc1
70354,S(=O)([O-])(=Nc1cc(C(=O)N[C@H](CCO)Cc2ccccc2)ccc1)c1sccc1
70355,S(CC(=O)NC(=O)Nc1c(F)cccc1)C=1N(CCCO)C(=O)c2c(N=1)cccc2
70356,S(=O)(=O)(N1CCN(C(=O)[C@H](NC(=O)c2c(C)cccc2)CC(C)C)CC1)c1n[nH]cn1
70357,O=C(NC[C@@H]1CN(C(=O)[C@H]2CN(Cc3occc3)C(=O)C2)CCC1)Nc1ccc(C)cc1
70358,O=C(NCc1ccc(C(=O)[O-])cc1)COc1ccc(N(C(=O)c2ccc(C)cc2)C)cc1
70359,S(CC(=O)c1cc2c(NC(=O)CC2)cc1)c1n(CCOC)c(Cc2ccccc2)nn1
70360,O([C@H](C(=O)c1c2c([nH]c1)cccc2)C)C(=O)[C@H]1N(C(=O)C23CC4CC(C2)CC(C3)C4)CCC1
70361,S(=O)(=O)(NCCc1ccc(C(=O)NC[C@H](c2sccc2)c2c3c([nH]c2)cccc3)cc1)C
70362,S(CC(=O)N[C@H](C)c1cc2OCOc2cc1)C=1N(CCCO)C(=O)c2c(N=1)cccc2
70363,Fc1ccc(COc2cc(C(O[C@@H](C(=O)Nc3ncnc4[nH]cnc34)C)=O)ccc2)cc1
70364,S(=O)(=O)(N(C)C)c1cc(NC(=O)COC(=O)c2c(NC(=O)Cc3ccccc3)cccc2)ccc1
70365,S(=O)(=O)(C)N1c2c(cc(C(=O)Nc3cc(CSCCC(=O)[O-])ccc3)cc2)CC1
70366,Clc1cc(N=S(=O)([O-])c2cc(C(=O)N3[C@@H](C)CC[C@H](C(=O)N)C3)ccc2)ccc1
70367,O(C(c1ccccc1)c1ccccc1)C[C@H](O)C[N+@H]1C[C@@H](O)CCC1
70368,S(=O)([O-])(=N[C@@H](CC(C)C)c1onc(-c2n[nH]cn2)n1)Cc1c(F)cccc1
70369,FC(F)(F)c1cc(NC(=O)Nc2cc(NC(=O)N)ccc2)ccc1
70370,Clc1c(S(=O)(=O)CCC(=O)NCCc2cc(C)ccc2)cc2OCC(=O)Nc2c1
70371,O=C([O-])CCCC(=O)Nc1c2c(c(NC(=O)CCCC(=O)[O-])ccc2)ccc1
70372,S(=O)([O-])(=Nc1c(C)cc(F)cc1)c1c(C)oc(-c2c(C(=O)N3CCCC3)c[nH]n2)c1
70373,Clc1c(S(=O)(=O)CCC(=O)NC[C@@H](C)c2ccccc2)cc2OCC(=O)Nc2c1
70374,S(=O)([O-])(=Nc1c(C)ccc(F)c1)c1c(C)oc(-c2c(C(=O)N3CCOCC3)c[nH]n2)c1
70375,S(=O)(=O)(Nc1ccc(C2=NN(C(=O)CCCC(=O)[O-])[C@@H](c3ccc(F)cc3)C2)cc1)C
70376,S(=O)(=O)(N1CCC(C(=O)NC2CCCCCC2)CC1)c1cc2NC(=O)COc2cc1
70377,Clc1c(S(=O)(=O)CCC(=O)NCCc2c(C)ccs2)cc2OCC(=O)Nc2c1
70378,S(=O)(=O)(Nc1cc2sc(SCC(=O)Nc3cc(C(C)C)ccc3)nc2cc1)C
70379,Fc1cc(-c2n(-c3ccc(NC[C@H](O)COC)cc3)nc(OCCOCC)n2)ccc1
70380,S(=O)(=O)(N1CCN(C(=O)CCC2CCCC2)CC1)c1c(C)cc2NC(=O)COc2c1
70381,S(=O)(=O)(N(CC(=O)N(Cc1ccccc1)C)C)c1c(C)cc2NC(=O)[C@H](CC)Oc2c1
70382,Brc1cc(CN(S(=O)(=O)c2ccc(F)cc2)CCCC(=O)[O-])ccc1
70383,S(=O)(=O)(Nc1cc(C2=NN(C(=O)CCC(=O)[O-])[C@H](c3ccc(C)cc3)C2)ccc1)C
70384,S(Cc1cc(C)ccc1)c1nc([O-])c2[C@H](C(=O)Nc3cc(F)ccc3)CC(=O)Nc2n1
70385,S(=O)(=O)(N1CCCC1)c1cc2N(CC(=O)NCc3ccccc3)C(=O)[C@H]3N(c2cc1)CCCC3
70386,O=[N+]([O-])c1ccc(COC(=O)[C@H](NC(=O)[C@H](NC(=O)OCc2ccccc2)C)CCC(=O)N)cc1
70387,O=C(NCCc1c2c([nH]c1)cccc2)CCN1C(=O)/C(=C/C=C/c2ccccc2)/SC1=O
70388,S=C1N(CCC(=O)NCCc2c3c([nH]c2)cccc3)C(=O)/C(=C\c2ccccc2)/S1
70389,S(=O)(=O)(N1CCCCC1)c1ccc(NC(=O)c2n[nH]c(-c3c(O)ccc(C)c3)c2)cc1
70390,S(=O)(=O)(N1CCCCC1)c1ccc(NC(=O)c2n[nH]c(-c3c(O)c(C)ccc3)c2)cc1
70391,S(=O)(=O)(Nc1cc(C2=NN(C(=O)CCC(=O)[O-])[C@H](c3c(O)cccc3)C2)ccc1)C
70392,S(CC(=O)Nc1c(F)ccc(F)c1)c1n(CC)c(CC(=O)Nc2cc(C)ccc2)nn1
70393,Clc1ccc([C@@H](C(C)C)CCNC(=O)CC=2C(=O)Oc3c(O)c(O)ccc3C=2C)cc1
70394,S(=O)(=O)(N)c1ccc(NC(=O)[C@@H]2[C@H](C(=O)[O-])CC=CC2)cc1
70395,Clc1c(C(=O)N[C@H](CO)Cc2ccccc2)cc(-n2cnnc2)cc1
70396,O(c1cc([C@H]2N(CCCO)C(=O)c3[nH]nc(-c4c(O)cccc4)c23)ccc1)c1ccccc1
70397,S(CC(=O)Nc1cc(O)ccc1)c1n(CC)c(CC(=O)Nc2cc(C)c(C)cc2)nn1
70398,S(CC(=O)Nc1cc(F)c(F)cc1)c1n(CC)c(CC(=O)Nc2cc(C)cc(C)c2)nn1
70399,S(=O)(=O)(Nc1ccc(C2=NN(C(=O)CCCC(=O)[O-])[C@H](c3ccccc3)C2)cc1)C
70400,O=C(NCCCC(=O)[O-])[C@H](Oc1c(C)c2OC(=O)C3=C(c2cc1)CCCC3)C
70401,O=C([O-])[C@@H](NC(=O)CC=1C(=O)Oc2c(C=1C)ccc(O)c2)Cc1c2c([nH]c1)ccc(O)c2
70402,O=C([O-])CC[C@@H]1N[C@]2(C(=O)Nc3c2cccc3)[C@@H]2C(=O)N(c3cc(C)cc(C)c3)C(=O)[C@H]12
70403,O=C([O-])CC[C@@H]1N[C@]2(C(=O)Nc3c2cccc3)[C@@H]2C(=O)N(c3c(C)cccc3C)C(=O)[C@H]12
70404,O=C([O-])[C@@H](NC(=O)COc1c2C(CCC)=CC(=O)Oc2cc(C)c1)C
70405,O=C([O-])[C@@H](NC(=O)COc1c2C(CCC)=CC(=O)Oc2cc(C)c1)C(C)C
70406,O([C@H](C(=O)NC=1C(=O)N(N(C)C=1C)c1ccccc1)C)C(=O)CCc1c2c([nH]c1)cccc2
70407,S(=O)([O-])(=Nc1c(C(=O)NCc2ccccc2)cccc1)c1ccc(CCC(=O)[O-])cc1
70408,O=C(N[C@H](C(=O)[O-])Cc1c2c([nH]c1)cccc2)NCC(=O)N[C@@H]1c2c(cccc2)CCC1
70409,O=C([O-])[C@@H](NC(=O)C1=NN(CCCC)C(=O)c2c1cccc2)Cc1c2c([nH]c1)cccc2
70410,O=C([O-])[C@H](NC(=O)c1ccc(CC/C(/[O-])=C/2\C(=O)N=C(N)N=C\2N)cc1)CCC(=O)[O-]
70411,S(=O)(=O)(Oc1cc2c([C@@H]3[C@H]([C@H]4[C@@](C)([C@H](O)CC4)CC3)CC2)cc1)[O-]
70412,O=C([O-])[C@@H](NC(=O)c1ccc(CCc2c3C(=O)NC(N)=Nc3[nH]c2)cc1)CCC(=O)[O-]
70413,O=C(OCc1ccccc1)[C@@H](NC(=O)[C@@H](NC(=O)CNC(=O)[C@@H](NC(=O)[C@@H](N)Cc1ccc(O)cc1)C)Cc1ccccc1)CC(C)C
70414,O=C(OCc1ccccc1)NCC(=O)NCC(=O)N[C@@H](C(=O)OC)Cc1ccc(O)cc1
70415,O=C([O-])CCC(=O)c1c(O)cc(OC)c(-c2c(OC)cc(O)c(C(=O)CCC(=O)[O-])c2)c1
70416,S=C(NCCN1C(=O)NCC1)Nc1cc(C(F)(F)F)cc(C(F)(F)F)c1
70417,Clc1c(CNC(=O)Nc2c(OC)ccc(C)c2)ccc(Cl)c1
70418,Fc1ccc(CNC(=O)Nc2c3c(n(CCOC)c2)cccc3)cc1
70419,FC1(F)CCC(NC(=O)NCc2ccccc2)CC1
70420,O=C(NCc1ccccc1)Nc1cc(CN2C(=O)CCC2)ccc1
70421,Clc1c(CNC(=O)CNc2c(F)ccc(F)c2)cccc1
70422,Clc1c(CNC(=O)Nc2ccc(F)cc2)ccc(Cl)c1
70423,FC(F)(F)c1cc(NCC(=O)Nc2c(F)cccc2)ccc1
70424,O=C(NCc1c(C)ncs1)N[C@H]1CN(c2ccccc2)CCC1
70425,FC(F)(F)c1ccc(C(=O)NCc2cc(C)c(F)cc2)cc1
70426,FC(F)(F)c1cc(C(=O)NCc2ccc(F)cc2)ccc1
70427,FC(F)(F)c1c(C#N)cc(N[C@@H](Cn2ncnc2)C)cc1
70428,Clc1cc(Cl)cc(NC(=S)NCc2ccncc2)c1
70429,S=C(NCc1ccncc1)Nc1c(F)cc(F)cc1
70430,Clc1cc(Cl)cc(NC(=O)NCc2cnccc2)c1
70431,S=C(NCc1sccc1)Nc1cc(C(F)(F)F)ccc1
70432,Clc1cc(NC(=S)NCc2cnccc2)ccc1
70433,Fc1c(NC(=O)NCc2cnccc2)ccc(F)c1
70434,S=C(NCc1cnccc1)Nc1cc(C)cc(C)c1
70435,S=C(NCc1ccncc1)Nc1c(F)cccc1
70436,Clc1c(NC(=S)NCc2ccncc2)ccc(Cl)c1
70437,S=C(NC[C@@H]1OCCC1)Nc1cc(C(F)(F)F)cc(C(F)(F)F)c1
70438,S=C(NCc1sccc1)Nc1cc(F)ccc1
70439,Clc1c(NC(=O)NCc2ccncc2)ccc(Cl)c1
70440,Clc1c(NC(=O)NCc2cnccc2)ccc(Cl)c1
70441,Clc1cc(NC(=O)NCc2ccncc2)ccc1
70442,Clc1c(Cl)ccc(NC(=S)NCc2cnccc2)c1
70443,Clc1cc(NC(=S)NCc2sccc2)ccc1
70444,S=C(NCc1ccc(F)cc1)Nc1cc(C)cc(C)c1
70445,S=C(NCc1occc1)Nc1cc(F)ccc1
70446,FC(F)(F)c1c(F)c(NC(=O)NC[C@@H]2OCCOC2)ccc1
70447,S=C(NCc1ccncc1)Nc1c(C(F)(F)F)cccc1
70448,Clc1c(F)ccc(NC(=S)NC[C@H]2OCCC2)c1
70449,Clc1c(C)c(NC(=O)NCc2ccncc2)ccc1
70450,Clc1c(CNC(=S)Nc2ccccc2)ccc(Cl)c1
70451,Clc1c(CNC(=O)Nc2ccccc2)ccc(Cl)c1
70452,S=C(NC[C@@H]1OCCC1)Nc1cc(F)ccc1
70453,S=C(NCCc1ncccc1)Nc1cc(C(F)(F)F)ccc1
70454,Clc1c(Cl)ccc(NC(=S)NC[C@@H]2OCCC2)c1
70455,Clc1c(C)c(NC(=S)NCc2cnccc2)ccc1
70456,Fc1ccc(CNC(=O)Nc2cc(C)cc(C)c2)cc1
70457,Clc1c(F)ccc(NC(=S)NCc2sccc2)c1
70458,Clc1c(Cl)ccc(NC(=S)NCc2sccc2)c1
70459,Clc1c(Cl)ccc(NC(=S)NCc2occc2)c1
70460,S=C(NCc1ncccc1)Nc1cc(C)cc(C)c1
70461,Clc1c(C)c(NC(=S)NCc2ccc(OC)cc2)ccc1
70462,S=C(NC[C@H]1OCCC1)Nc1cc(C)cc(C)c1
70463,S=C(NCc1c(OC)cccc1)Nc1cc(C)cc(C)c1
70464,S=C(NC[C@@H]1OCCC1)Nc1c(F)cccc1
70465,S=C(NCc1c(F)cccc1)Nc1cc(C(F)(F)F)ccc1
70466,Clc1c(Cl)ccc(NC(=O)NCc2c(Cl)cccc2)c1
70467,Clc1ccc(NC(=S)NC[C@H]2OCCC2)cc1
70468,Clc1c(C)c(NC(=S)NCc2ccc(F)cc2)ccc1
70469,Clc1c(Cl)cccc1NC(=S)NCc1cnccc1
70470,Clc1c(Cl)cccc1NC(=S)NCc1sccc1
70471,S=C(NCc1ccc(F)cc1)Nc1c(C)cc(C)cc1
70472,Clc1c(NC(=O)NCc2ccc(Cl)cc2)ccc(Cl)c1
70473,S=C(N[C@H](CC)c1ccccc1)Nc1cc(C)ccc1
70474,Clc1cc(CNC(=O)c2c(C)oc(C)c2)ccc1
70475,FC(F)(F)c1cc([N+](=O)[O-])c(Oc2cc3OC(=O)C=Cc3cc2)cc1
70476,Fc1c(F)cc(CNC(=O)[C@H]2OCCOC2)cc1F
70477,Clc1cc(NC(=S)NCc2ccccc2)ccc1
70478,S=C(NCC(C)C)Nc1cc(C(F)(F)F)cc(C)c1
70479,FC(F)(F)c1cc(C)c(CNC(=O)NC=2C(=O)N(C)C=CC=2)cc1
70480,S=C(NC[C@H]1OCCC1)Nc1cc(F)cc(F)c1
70481,O=C(Nc1c(C)ccc(C)c1)Cc1cc(C)ccc1
70482,FC(F)c1cc(NC(=O)N(CCO)Cc2ccccc2)ccc1
70483,S=C(NCc1cc(C(F)(F)F)ccc1)Nc1cc(O)ccc1
70484,S=C(NCc1cc(C(F)(F)F)ccc1)Nc1ccc(NC(=O)C(C)C)cc1
70485,S=C(NCc1cc(C(F)(F)F)ccc1)Nc1cc(CO)ccc1
70486,S=C(NCC(=O)NCc1ccccc1)NCc1cc(C(F)(F)F)ccc1
70487,S(=O)(=O)(Nc1cc(NC(=S)NCc2cc(C(F)(F)F)ccc2)ccc1)C
70488,S=C(NCc1cc(C(F)(F)F)ccc1)Nc1ccc(N(C(=O)C)C)cc1
70489,S=C(NCc1cc(C(F)(F)F)ccc1)Nc1cc(OCC(=C)C)ccc1
70490,S=C(NCc1ccccc1)Nc1cc(Sc2ccccc2)ccc1
70491,S(=O)(=O)(Cc1cc(NC(=S)NCc2ccccc2)ccc1)C1CCCCC1
70492,S=C(Nc1cc(C(F)(F)F)ccc1)Nc1ccc(CNC(=O)C)cc1
70493,O=C(NCCCO)NCc1cc(NC(=O)Nc2ccccc2)ccc1
70494,FC(F)(F)c1cc(NC(=O)N(CCO)C)cc(C(F)(F)F)c1
70495,Brc1cc(NC(=S)NCc2sccc2)cc(C(F)(F)F)c1
70496,Clc1cc(Cl)cc(NC(=S)NCc2cnccc2)c1
70497,FC(F)(F)c1cc(NC(=O)N(Cc2cc(C#N)ccc2)C)c(C)cc1
70498,Clc1cc(F)cc(NC(=S)NCc2ccccc2)c1
70499,S=C(NCc1cc(C)cnc1)Nc1cc(C(F)(F)F)ccc1
70500,FC(F)(F)c1ccc([C@@H](NC(=O)Nc2cc(C(=O)N)ccc2)C)cc1
70501,Clc1c(F)c(C(=O)OC)cc(NC(=S)NCc2ccccc2)c1
70502,S(=O)(=O)(C)c1c(C(F)(F)F)cc(CNC(=S)Nc2ccccc2)cc1
70503,S=C(NCc1cc(C)nc(C)c1)Nc1cc(C(F)(F)F)ccc1
70504,S=C(NCc1cc(C(F)(F)F)ccc1)Nc1cc(NC(=O)C)ccc1
70505,S=C(NCc1sccc1)Nc1cc(CN2C(=O)CCC2)ccc1
70506,S=C(NCc1ccc(CN2CC(C)OC(C)C2)cc1)Nc1cc(C(F)(F)F)ccc1
70507,S=C(NCc1cc(C(F)(F)F)ccc1)Nc1ccc(NC(=O)C)cc1
70508,FC(F)(F)c1cc(CNC(=O)CNC(=O)Nc2cc(C)ccc2)ccc1
70509,FC(F)(F)c1cc(NC(=O)NCCOC)cc(C(F)(F)F)c1
70510,O=[N+]([O-])c1c(C)c(NC(=O)NCc2cocc2)ccc1
70511,FC(F)(F)c1cc(NC(=O)Nc2cc(C(F)(F)F)ccc2)ccc1
70512,FC(F)(F)c1cc(NC(=O)NCc2ccncc2)ccc1
70513,Clc1c(CNC(=O)N[C@@H]2C(=O)NCCCC2)cccc1
70514,Clc1c(C(F)(F)F)cc(NC(=S)Nc2cc(C(F)(F)F)ccc2)cc1
70515,S=C(NCc1ccc(C(=O)NCC(=O)N)cc1)Nc1cc(C(F)(F)F)ccc1
70516,S=C(NCc1ccc(F)cc1)Nc1cc(C)c(C)cc1
70517,S=C(NCCOC)Nc1cc(C)cc(C)c1
70518,S=C(N[C@H](CC)C)Nc1cc(C)cc(C)c1
70519,S=C(NC[C@H]1OCCC1)Nc1cc(SC)ccc1
70520,S=C(NCCCC)Nc1cc(C)cc(C)c1
70521,S=C(N(CCO)Cc1ccccc1)Nc1cc(C)c(C)cc1
70522,Clc1c(CNC(=S)Nc2c(OC)cccc2)ccc(Cl)c1
70523,S=C(NCc1ccc(OC(F)F)cc1)Nc1cc(C(F)(F)F)ccc1
70524,Clc1ncc(CNC(=S)Nc2cc(Cl)ccc2)cc1
70525,S(=O)(=O)(N)c1cc(F)cc(NC(=S)NCc2ccccc2)c1
70526,S=C(NCc1ccccc1)Nc1cc(COc2ccccc2)ccc1
70527,FC(F)(F)c1cc(NC(=O)C(=O)NCCc2ccccc2)cc(C(F)(F)F)c1
70528,S(=O)(=O)(CCNC(=S)Nc1cc(C(F)(F)F)ccc1)Cc1ccccc1
70529,S=C(NCC(C)(C)C)Nc1cc(C(F)(F)F)ccc1
70530,Clc1c(C)c(Cl)cc(NC(=S)NCc2ccccc2)c1
70531,S=C(NCc1ccccc1)Nc1ccc(CNC(=O)N)cc1
70532,S=C(NCc1ccccc1)Nc1cc(C(F)(F)F)c(F)cc1
70533,FC(F)(F)c1cc(CNC(=O)Nc2c(F)c(F)ccc2)ccc1
70534,FC(F)(F)c1c(F)ccc(NC(=O)NCc2ccncc2)c1
70535,S=C(NCc1c(C(F)(F)F)cccc1)Nc1cc(C(F)(F)F)ccc1
70536,S=C(NC[C@H]1OCCC1)Nc1cc(C)c(C)cc1
70537,FC(F)(F)C(=O)N(Cc1cc(NC(=O)NCc2ccccc2)ccc1)C
70538,FC(F)(F)c1cc([N+](=O)[O-])c(Nc2nn(CCC(=O)N)cc2)cc1
70539,Clc1c(C(=O)NCc2cc(C)c(F)cc2)ccnc1
70540,FC(F)(F)c1ccc(CNC(=O)c2nccnc2)cc1
70541,FC(F)(F)c1ccc(CNC(=O)c2onc(C)c2)cc1
70542,S(CC(=O)Nc1c([N+](=O)[O-])cc(C(F)(F)F)cc1)c1n[nH]cn1
70543,S(=O)(=NC(=O)CNc1c([N+](=O)[O-])cc(C(F)(F)F)cc1)(C)C
70544,O=C(NC[C@H]1COc2c(cccc2)C1)c1cnccc1
70545,FC(F)(F)c1cc(C(=O)NNc2c(F)c(F)c(F)cc2)ccc1
70546,FC(F)(F)c1c(NNC(=O)c2ccc(C(=O)N(C)C)cc2)cccc1
70547,FC(F)(F)[C@@H](CC(=O)NNC(=O)c1cc(C(F)(F)F)ccc1)c1ccccc1
70548,FC(F)(F)c1cc(C(=O)NNC(=O)NCCNC(=O)c2ccccc2)ccc1
70549,S(=O)(=O)(NCCNC(=O)NNC(=O)c1cc(C(F)(F)F)ccc1)c1ccccc1
70550,FC(F)(F)c1cc([C@@](O)(C(=O)Nc2ccc(-c3nnn[n-]3)cc2)C)ccc1
70551,FC(F)(F)c1c(NNC(=O)c2ccc(C(F)(F)F)cc2)ccc(C#N)c1
70552,FC(F)(F)c1cc(NC(=O)NNC(=O)c2ccccc2)ccc1
70553,S(=O)(=O)(Cc1cc(C(=O)NCc2ccc(C(F)(F)F)cc2)ccc1)c1ccccc1
70554,FC(F)(F)c1cc(C(=O)NCCC(=O)NCc2ccccc2)ccc1
70555,Clc1c(F)ccc(CNC(=O)c2ccc(C(F)(F)F)cc2)c1
70556,Brc1cc(NC(=S)NCCN(C)C)cc(C(F)(F)F)c1
70557,FC(F)(F)c1cc(NC(=O)C(=O)NCC(=O)NCc2ccccc2)cc(C)c1
70558,S=C(NCc1cc(O)ccc1)Nc1cc(C(F)(F)F)ccc1
70559,S=C(NCc1cc(C(F)(F)F)ccc1)NCc1ccccc1
70560,Clc1c(F)ccc(NC(=S)NCc2cc(C(F)(F)F)ccc2)c1
70561,S=C(NCc1cc(C(F)(F)F)ccc1)NCc1ccc(C(O)(C)C)cc1
70562,S=C(NCc1cc(C(F)(F)F)ccc1)Nc1ccc(NC(=O)CC(F)(F)F)cc1
70563,S=C(NCC(F)(F)F)Nc1cc(C(F)(F)F)cc(C)c1
70564,S=C(NCc1nocc1)Nc1cc(C(F)(F)F)cc(C)c1
70565,S=C(NCC)Nc1cc(C(F)(F)F)cc(C)c1
70566,S=C(NCCC)Nc1cc(C(F)(F)F)cc(C)c1
70567,S=C(NCc1sccc1)Nc1cc(C(F)(F)F)cc(C)c1
70568,S(=O)(=O)(Cc1c(CNC(=S)Nc2ccccc2)cccc1)C
70569,S=C(NCc1cc(OC)c(OCC)cc1)Nc1cc(C(F)(F)F)ccc1
70570,S=C(NCc1cc(F)c(OC)cc1)Nc1cc(C(F)(F)F)ccc1
70571,S=C(NCc1ccccc1)Nc1cc(C(F)(F)F)c(C)cc1
70572,S=C(NCc1ccccc1)Nc1cc(Cc2ccccc2)c(OC)cc1
70573,S(=O)(=O)(Nc1cc(C(F)(F)F)ccc1)c1c(F)ccc(NC(=S)NCc2ccccc2)c1
70574,S=C(NCc1cc(C(F)(F)F)ccc1)Nc1ccc(C(=O)OC)cc1
70575,S(=O)(=O)(Cc1cc(NC(=S)NCc2cc(C(F)(F)F)ccc2)ccc1)C
70576,S=C(NCc1ccncc1)Nc1c2c(ccc1)cccc2
70577,S=C(NCc1cnccc1)Nc1cc(C)ccc1
70578,S=C(NCc1cnccc1)Nc1cc(C(F)(F)F)ccc1
70579,S=C(NCc1ccncc1)Nc1cc(C(F)(F)F)ccc1
70580,O=C(NCc1cnccc1)Nc1ccccc1
70581,Clc1cc(Cl)cc(NC(=S)NCc2ccccc2)c1
70582,FC(F)(F)c1c(NNC(=O)c2ccc(C#C)cc2)ccc(C#N)c1
70583,FC(F)(F)C1=CC=C(NNC(=O)C2=CC=C(C=C2)C(F)(F)F)C=C1
70584,FC(F)(F)C1=CC=C(NNC(=O)C2=CC=C(C=C2)C#N)C=C1
70585,FC1=C(NNC(=O)C2=CC=C(C=C2)C(F)(F)F)C=CC=C1
70586,FC(F)(F)C1=CC=C(C=C1)C(=O)NNC1=CC=C(C=C1)C#N
70587,O=C(NNC1=CC=C(C=C1)C#N)C1=CC=C(C=C1)C#N
70588,FC(F)(F)c1c(NNC(=O)c2ccc(OC(F)F)cc2)ccc(C#N)c1
70589,FC(F)(F)C1=C(NNC(=O)C2=CC=C(I)C=C2)C=CC(=C1)C#N
70590,FC(F)(F)c1c(NNC(=O)c2ccc(C=C)cc2)ccc(C#N)c1
70591,FC1=CC=C(C=C1)C(=O)NNC1=C(C=C(C=C1)C#N)C(F)(F)F
70592,CC(=O)C1=CC=C(C=C1)C(=O)NNC1=C(C=C(C=C1)C#N)C(F)(F)F
70593,FC(F)(F)C1=C(NNC(=O)C2=CC=C(C=C2)C#N)C=CC(=C1)C#N
70594,CC(C)(C#N)C1=CC=C(C=C1)C(=O)NNC1=C(C=C(C=C1)C#N)C(F)(F)F
70595,CC(C)C1=CC=C(C=C1)C(=O)NNC1=C(C=C(C=C1)C#N)C(F)(F)F
70596,FC(F)(F)c1c(NNC(=O)c2cc(C(F)(F)F)ccc2)ccc(C#N)c1
70597,FC(F)(F)OC1=CC=C(C=C1)C(=O)NNC1=C(C=C(C=C1)C#N)C(F)(F)F
70598,FC(F)(F)c1c(NNC(=O)c2ccc(C(F)F)cc2)ccc(C#N)c1
70599,FC(F)(F)C1=C(NNC(=O)C2=CC=C(Cl)C=C2)C=CC(=C1)C#N
70600,CC1=CC=C(C=C1)C(=O)NNC1=C(C=C(C=C1)C#N)C(F)(F)F
70601,NC(=O)C1=CC=C(C=C1)C(=O)NNC1=C(C=C(C=C1)C#N)C(F)(F)F
70602,FC(F)(F)C1=C(NNC(=O)C2=CC=C(Br)C=C2)C=CC(=C1)C#N
70603,FC(F)(F)c1c(NNC(=O)c2ccccc2)ccc(C#N)c1
70604,CC(C)(C)C1=CC=C(C=C1)C(=O)NNC1=C(C=C(C=C1)C#N)C(F)(F)F
70605,CN(C)C1=CC=C(C=C1)C(=O)NNC1=C(C=C(C=C1)C#N)C(F)(F)F
70606,CC(F)(F)C1=CC=C(C=C1)C(=O)NNC1=C(C=CC=C1)C(F)(F)F
70607,CC(F)(F)C1=CC=C(C=C1)C(=O)NNC1=CC=C(C=C1)C#N
70608,CC(F)(F)C1=CC=C(C=C1)C(=O)NNC1=C(C=C(C=C1)C#N)C(F)(F)F
70609,FC1=CC=C(C=C1)C(=O)NNC1=C(C=CC=C1)C(F)(F)F
70610,CC(C)(C)C1=CC=C(C=C1)C(=O)NNC1=C(C=CC=C1)C(F)(F)F
70611,FC(F)(F)C1=CC=C(C=C1)C(=O)NNC1=C(C=CC=C1)C(F)(F)F
70612,FC(F)(F)c1cc(NC(=O)NCc2ccccc2)cc(C(F)(F)F)c1
70613,Clc1cc(C(=O)NNc2c(C(F)(F)F)cc(C#N)cc2)ccc1
70614,Clc1c(Cl)ccc(C(=O)NNc2c(C(F)(F)F)cc(C#N)cc2)c1
70615,FC(F)(F)c1c(NNC(=O)c2cc(F)ccc2)ccc(C#N)c1
70616,FC(F)(F)c1c(NNC(=O)c2cc(F)c(F)cc2)ccc(C#N)c1
70617,Clc1c(C)cc(C(=O)NNc2c(C(F)(F)F)cc(C#N)cc2)cc1
70618,FC(F)(F)c1c(NNC(=O)c2ccc(OC(C)C)cc2)ccc(C#N)c1
70619,Clc1c(C#N)ccc(C(=O)NNc2c(C(F)(F)F)cc(C#N)cc2)c1
70620,FC(F)(F)c1c(NNC(=O)c2cc3[nH]c(O)nc3cc2)ccc(C#N)c1
